slug,display_name,common_name,scientific_name,category,category_resolved,species_group,dedupe_key,duplicate_group_size,months_available,source_files,has_culinary_uses,has_medicinal_uses,has_notes,has_images,has_links,has_lookalikes,review_flag_count,coverage_score_6,status,batch_id,reserved_by_chat,work_type,claimed_at,released_at,work_notes
admirable-bolete,Admirable Bolete,,,,Mushroom,mushroom,admirable bolete,1,,species-audit-mainfix37.json,1,0,0,0,0,1,0,2,free,,,,,,
artist-s-conk,Artist's conk,Artist's conk,,Mushroom,Mushroom,mushroom,artist s conk,1,,species.json,1,1,1,0,0,0,0,3,free,,,,,,
artists-conk,Artists Conk,,,,Mushroom,mushroom,artists conk,1,,species-audit-mainfix35.json,0,0,0,0,1,1,4,2,free,,,,,,
ash-tree-bolete,Ash-tree bolete,Ash-tree bolete,,Mushroom,Mushroom,mushroom,ash tree bolete,1,,species.json; species-audit-mainfix35.json; species-audit-mainfix37.json,1,1,1,0,1,1,5,5,free,,,,,,
aspen-bolete,Aspen Bolete,,,,Mushroom,mushroom,aspen bolete,1,,species-audit-mainfix37.json,1,0,0,0,0,1,0,2,free,,,,,,
aspen-oyster,Aspen oyster,Aspen oyster,,Mushroom,Mushroom,mushroom,aspen oyster,1,,species.json; species-additions-mainfix13.json; species-audit-mainfix35.json,1,1,1,0,1,1,3,5,free,,,,,,
bay-bolete,Bay bolete,Bay bolete,,Mushroom,Mushroom,mushroom,bay bolete,1,,species.json; species-audit-mainfix35.json; species-audit-mainfix37.json,1,1,1,0,1,1,5,5,free,,,,,,
bear-s-head-tooth,Bear's Head Tooth,Bear's Head Tooth,Hericium americanum,Mushroom,Mushroom,mushroom,hericium americanum,1,August; September; October,species.json; species-additions-mainfix13.json; species-audit-mainfix35.json,1,1,1,0,1,1,5,5,free,,,,,,
bears-head-tooth,Bears Head Tooth,,,,Mushroom,mushroom,bears head tooth,1,,species-audit-mainfix35.json,0,0,0,0,1,1,4,2,free,,,,,,
beefsteak-fungus,Beefsteak fungus,Beefsteak fungus,Fistulina hepatica,Mushroom,Mushroom,mushroom,fistulina hepatica,1,,species-audit-mainfix35.json; species-master-additions-v1.json,0,0,0,0,1,1,3,2,free,,,,,,
bicolor-bolete,Bicolor bolete,Bicolor bolete,Baorangia bicolor,Mushroom,Mushroom,mushroom,baorangia bicolor,1,,species-audit-mainfix35.json; species-audit-mainfix37.json; species-master-additions-v1.json,1,0,0,0,1,1,3,3,free,,,,,,
birch-bolete,Birch Bolete,,,,Mushroom,mushroom,birch bolete,1,,species-audit-mainfix37.json,1,0,0,0,0,1,0,2,free,,,,,,
birch-polypore,Birch polypore,Birch polypore,,Mushroom,Mushroom,mushroom,birch polypore,1,,species.json; species-audit-mainfix35.json,1,1,1,0,1,1,4,5,free,,,,,,
bitter-bolete,Bitter bolete,Bitter bolete,,Mushroom,Mushroom,mushroom,bitter bolete,1,,species.json; species-audit-mainfix35.json,1,0,1,0,1,1,5,4,free,,,,,,
black-trumpet,Black Trumpet,Black Trumpet,Craterellus fallax,Mushroom,Mushroom,mushroom,craterellus fallax,1,July; August; September,species.json; species-additions-mainfix13.json; species-audit-mainfix35.json,1,1,1,0,1,1,4,5,free,,,,,,
black-morels,Black morels,Black morels,,Mushroom,Mushroom,mushroom,black morels,1,,species.json; species-audit-mainfix35.json,1,1,1,0,1,1,4,5,free,,,,,,
blewit-mushroom,Blewit mushroom,Blewit mushroom,,Mushroom,Mushroom,mushroom,blewit mushroom,1,,species.json; species-audit-mainfix35.json,1,1,1,0,1,1,4,5,free,,,,,,
blewits,Blewits,Blewits,Lepista nuda,Mushroom,Mushroom,mushroom,lepista nuda,1,October; November,species-additions-mainfix13.json; species-audit-mainfix35.json,1,1,1,0,1,1,5,5,free,,,,,,
blue-staining-red-pored-boletes,Blue Staining Red Pored Boletes,,,,Mushroom,mushroom,blue staining red pored boletes,1,,species-audit-mainfix35.json,0,0,0,0,1,1,6,2,free,,,,,,
blue-staining-red-pored-boletes-caution-group,Blue-staining / red-pored boletes (caution group),Blue-staining / red-pored boletes (caution group),,Mushroom,Mushroom,mushroom,blue staining red pored boletes caution group,1,,species.json,1,0,1,0,0,0,0,2,free,,,,,,
brown-and-white-bolete,Brown And White Bolete,,,,Mushroom,mushroom,brown and white bolete,1,,species-audit-mainfix37.json,1,0,0,0,0,1,0,2,free,,,,,,
cauliflower-mushroom,Cauliflower Mushroom,Cauliflower Mushroom,Sparassis spathulata,Mushroom,Mushroom,mushroom,sparassis spathulata,1,August; September; October,species.json; species-additions-mainfix13.json; species-audit-mainfix35.json,1,1,1,0,1,1,5,5,free,,,,,,
chaga,Chaga,Chaga,,Mushroom,Mushroom,mushroom,chaga,1,,species.json; species-audit-mainfix35.json,1,1,1,0,1,1,4,5,free,,,,,,
charcoal-burners,Charcoal Burners,,,,Mushroom,mushroom,charcoal burners,1,,species-audit-mainfix35.json,0,0,0,0,1,1,6,2,free,,,,,,
charcoal-burners-mild-flexible-gill-russulas,Charcoal burners / mild flexible-gill russulas,Charcoal burners / mild flexible-gill russulas,,Mushroom,Mushroom,mushroom,charcoal burners mild flexible gill russulas,1,,species.json,1,1,1,0,0,0,0,3,free,,,,,,
chicken-fat-mushroom,Chicken Fat Mushroom,,,,Mushroom,mushroom,chicken fat mushroom,1,,species-audit-mainfix37.json,1,0,0,0,0,1,0,2,free,,,,,,
chicken-of-the-woods,Chicken of the Woods,Chicken of the Woods,Laetiporus sulphureus complex,Mushroom,Mushroom,mushroom,laetiporus sulphureus complex,1,June; July; August; September,species.json; species-additions-mainfix13.json; species-audit-mainfix35.json,1,1,1,0,1,1,3,5,free,,,,,,
coral-tooth-fungus,Coral tooth fungus,Coral tooth fungus,,Mushroom,Mushroom,mushroom,coral tooth fungus,1,,species.json; species-audit-mainfix35.json,1,1,1,0,1,1,4,5,free,,,,,,
crown-tipped-coral,Crown-tipped coral,Crown-tipped coral,Artomyces pyxidatus,Mushroom,Mushroom,mushroom,artomyces pyxidatus,1,,species-audit-mainfix35.json; species-master-additions-v1.json,0,0,0,0,1,1,3,2,free,,,,,,
destroying-angel,Destroying angel,Destroying angel,,Mushroom,Mushroom,mushroom,destroying angel,1,,species.json; species-audit-mainfix35.json,1,0,1,0,1,1,3,4,free,,,,,,
dotted-stem-suillus,Dotted Stem Suillus,,,,Mushroom,mushroom,dotted stem suillus,1,,species-audit-mainfix37.json,1,0,0,0,0,1,0,2,free,,,,,,
dryad-s-saddle-pheasant-back,Dryad's saddle / pheasant back,Dryad's saddle / pheasant back,,Mushroom,Mushroom,mushroom,dryad s saddle pheasant back,1,,species.json,1,1,1,0,0,0,0,3,free,,,,,,
eastern-orange-bolete,Eastern Orange Bolete,,,,Mushroom,mushroom,eastern orange bolete,1,,species-audit-mainfix37.json,1,0,0,0,0,1,0,2,free,,,,,,
elm-oyster,Elm Oyster,Elm Oyster,Hypsizygus ulmarius,Mushroom,Mushroom,mushroom,hypsizygus ulmarius,1,August; September; October,species-additions-mainfix13.json; species-audit-mainfix35.json,1,1,1,0,1,1,5,5,free,,,,,,
fairy-ring-mushroom,Fairy ring mushroom,Fairy ring mushroom,Marasmius oreades,Mushroom,Mushroom,mushroom,marasmius oreades,1,,species-audit-mainfix35.json; species-master-additions-v1.json,0,0,0,0,1,1,3,2,free,,,,,,
false-morel-gyromitra-group,False morel / Gyromitra group,False morel / Gyromitra group,,Mushroom,Mushroom,mushroom,false morel gyromitra group,1,,species.json; species-audit-mainfix35.json,1,0,1,0,1,1,3,4,free,,,,,,
field-mushroom,Field mushroom,Field mushroom,,Mushroom,Mushroom,mushroom,field mushroom,1,,species.json; species-audit-mainfix35.json; species-audit-mainfix37.json,1,1,1,0,1,1,4,5,free,,,,,,
frosts-bolete,Frost's Bolete,Frost's Bolete,Butyriboletus frostii,Mushroom,Mushroom,mushroom,butyriboletus frostii,1,July; August; September,boletes-rescued-mainfix40.json; species-audit-mainfix37.json,1,0,1,1,0,1,0,4,free,,,,,,
galerina,Galerina,Deadly galerina / funeral bell,Galerina marginata,Mushroom,Mushroom,mushroom,galerina marginata,1,September; October; November,species-audit-mainfix37.json,1,1,0,0,1,1,1,4,free,,,,,,
gem-studded-puffball,Gem-studded puffball,Gem-studded puffball,Lycoperdon perlatum,Mushroom,Mushroom,mushroom,lycoperdon perlatum,1,,species-audit-mainfix35.json; species-master-additions-v1.json,0,0,0,0,1,1,3,2,free,,,,,,
giant-puffball,Giant Puffball,Giant Puffball,Calvatia gigantea,Mushroom,Mushroom,mushroom,calvatia gigantea,1,August; September; October,species.json; species-additions-mainfix13.json; species-audit-mainfix35.json,1,1,1,0,1,1,4,5,free,,,,,,
golden-chanterelles,Golden Chanterelles,Golden Chanterelles,Cantharellus spp.,Mushroom,Mushroom,mushroom,cantharellus spp,1,July; August; September,species-additions-mainfix13.json; species-audit-mainfix35.json; species-audit-mainfix37.json,1,1,1,0,1,1,5,5,free,,,,,,
green-spored-parasol,Green-spored parasol,False parasol,Chlorophyllum molybdites,Mushroom,Mushroom,mushroom,chlorophyllum molybdites,1,,species-audit-mainfix37.json,1,1,0,0,1,1,1,4,free,,,,,,
half-free-morels,Half-free morels,Half-free morels,,Mushroom,Mushroom,mushroom,half free morels,1,,species.json; species-audit-mainfix35.json,1,1,1,0,1,1,2,5,free,,,,,,
hedgehog-mushroom,Hedgehog Mushroom,Hedgehog Mushroom,Hydnum repandum group,Mushroom,Mushroom,mushroom,hydnum repandum group,1,August; September; October,species-additions-mainfix13.json; species-audit-mainfix35.json,1,1,1,0,1,1,5,5,free,,,,,,
hedgehog-mushrooms,Hedgehog mushrooms,Hedgehog mushrooms,,Mushroom,Mushroom,mushroom,hedgehog mushrooms,1,,species.json; species-audit-mainfix35.json,1,1,1,0,1,1,4,5,free,,,,,,
hemlock-varnish-shelf-reishi,Hemlock varnish shelf / reishi,Hemlock varnish shelf / reishi,,Mushroom,Mushroom,mushroom,hemlock varnish shelf reishi,1,,species.json; species-audit-mainfix35.json,1,1,1,0,1,1,4,5,free,,,,,,
hen-of-the-woods,Hen of the Woods,Hen of the Woods,Grifola frondosa,Mushroom,Mushroom,mushroom,grifola frondosa,1,September; October,species.json; species-additions-mainfix13.json; species-audit-mainfix35.json,1,1,1,0,1,1,5,5,free,,,,,,
honey-mushrooms,Honey mushrooms,Honey mushrooms,,Mushroom,Mushroom,mushroom,honey mushrooms,1,,species.json; species-audit-mainfix35.json; species-audit-mainfix37.json,1,1,1,0,1,1,2,5,free,,,,,,
indigo-milk-cap,Indigo milk cap,Indigo milk cap,Lactarius indigo,Mushroom,Mushroom,mushroom,lactarius indigo,1,,species-audit-mainfix35.json; species-master-additions-v1.json,0,0,0,0,1,1,3,2,free,,,,,,
jack-o-lantern,Jack-o'-lantern,Jack-o'-lantern,,Mushroom,Mushroom,mushroom,jack o lantern,1,,species.json; species-audit-mainfix35.json,1,0,1,0,1,1,3,4,free,,,,,,
king-bolete,King Bolete,King Bolete,Boletus edulis group,Mushroom,Mushroom,mushroom,boletus edulis group,1,July; August; September,species.json; species-additions-mainfix13.json; species-audit-mainfix35.json,1,1,1,0,1,1,4,5,free,,,,,,
king-oyster,King oyster,King oyster,,Mushroom,Mushroom,mushroom,king oyster,1,,species.json; species-audit-mainfix35.json,1,1,1,0,1,1,7,5,free,,,,,,
larch-bolete,Larch Bolete,Larch Bolete,Suillus grevillei,Mushroom,Mushroom,mushroom,suillus grevillei,1,July; August; September,boletes-rescued-mainfix40.json; species-audit-mainfix37.json,1,0,1,1,0,1,0,4,free,,,,,,
larch-suillus,Larch suillus,Larch suillus,,Mushroom,Mushroom,mushroom,larch suillus,1,,species.json; species-audit-mainfix35.json,1,1,1,0,1,1,5,5,free,,,,,,
lion-s-mane,Lion's Mane,Lion's Mane,Hericium erinaceus,Mushroom,Mushroom,mushroom,hericium erinaceus,1,August; September; October,species.json; species-additions-mainfix13.json; species-audit-mainfix35.json,1,1,1,0,1,1,5,5,free,,,,,,
lobster-mushroom,Lobster mushroom,Lobster mushroom,,Mushroom,Mushroom,mushroom,lobster mushroom,1,,species.json; species-audit-mainfix35.json,1,1,1,0,1,1,4,5,free,,,,,,
meadow-mushroom,Meadow Mushroom,Meadow Mushroom,Agaricus campestris,Mushroom,Mushroom,mushroom,agaricus campestris,1,August; September,species.json; species-additions-mainfix13.json; species-audit-mainfix35.json; species-audit-mainfix37.json,1,1,1,0,1,1,2,5,free,,,,,,
old-man-of-the-woods,Old man of the woods,Old man of the woods,Strobilomyces strobilaceus group,Mushroom,Mushroom,mushroom,strobilomyces strobilaceus group,1,July; August; September,species.json; boletes-rescued-mainfix40.json; species-audit-mainfix35.json,1,1,1,1,1,1,4,6,free,,,,,,
orange-birch-bolete,Orange Birch Bolete,Orange Birch Bolete,Leccinum versipelle,Mushroom,Mushroom,mushroom,leccinum versipelle,1,July; August; September,boletes-rescued-mainfix40.json; species-audit-mainfix37.json,1,0,1,1,0,1,0,4,free,,,,,,
orange-oak-bolete,Orange Oak Bolete,Orange Oak Bolete,Leccinum aurantiacum,Mushroom,Mushroom,mushroom,leccinum aurantiacum,1,July; August; September,boletes-rescued-mainfix40.json; species-audit-mainfix37.json,1,0,1,1,0,1,0,4,free,,,,,,
orange-jelly,Orange jelly fungus,Orange jelly fungus,Dacrymyces palmatus,Mushroom,Mushroom,mushroom,dacrymyces palmatus,1,,species-audit-mainfix35.json; species-master-additions-v1.json,0,0,0,0,1,1,3,2,free,,,,,,
painted-suillus,Painted Suillus,Painted Suillus,Suillus spraguei,Mushroom,Mushroom,mushroom,suillus spraguei,1,July; August; September,boletes-rescued-mainfix40.json; species-audit-mainfix37.json,1,0,1,1,0,1,0,4,free,,,,,,
parasol-mushroom,Parasol mushroom,Parasol mushroom,Macrolepiota procera,Mushroom,Mushroom,mushroom,macrolepiota procera,1,,species-audit-mainfix35.json; species-audit-mainfix37.json; species-master-additions-v1.json,0,0,0,0,1,1,3,2,free,,,,,,
pear-shaped-puffball,Pear-shaped puffball,Pear-shaped puffball,Apioperdon pyriforme,Mushroom,Mushroom,mushroom,apioperdon pyriforme,1,,species-audit-mainfix35.json; species-master-additions-v1.json,0,0,0,0,1,1,3,2,free,,,,,,
pearl-oyster,Pearl oyster,Pearl oyster,,Mushroom,Mushroom,mushroom,pearl oyster,1,,species.json; species-audit-mainfix35.json,1,1,1,0,1,1,5,5,free,,,,,,
phoenix-oyster,Phoenix Oyster,,,,Mushroom,mushroom,phoenix oyster,1,,species-audit-mainfix35.json,0,0,0,0,1,1,5,2,free,,,,,,
phoenix-oyster-summer-oyster,Phoenix oyster / summer oyster,Phoenix oyster / summer oyster,,Mushroom,Mushroom,mushroom,phoenix oyster summer oyster,1,,species.json,1,1,1,0,0,0,0,3,free,,,,,,
red-chanterelles,Red Chanterelles,,,,Mushroom,mushroom,red chanterelles,1,,species-audit-mainfix35.json,0,0,0,0,1,1,6,2,free,,,,,,
red-chanterelles-cinnabars,Red chanterelles / cinnabars,Red chanterelles / cinnabars,,Mushroom,Mushroom,mushroom,red chanterelles cinnabars,1,,species.json,1,1,1,0,0,0,0,3,free,,,,,,
red-belted-conk,Red-belted conk,Red-belted conk,,Mushroom,Mushroom,mushroom,red belted conk,1,,species.json; species-audit-mainfix35.json,1,1,1,0,1,1,5,5,free,,,,,,
red-cracking-bolete,Red-cracking Bolete,Red-cracking Bolete,Xerocomellus chrysenteron,Mushroom,Mushroom,mushroom,xerocomellus chrysenteron,1,July; August; September,boletes-rescued-mainfix40.json; species-audit-mainfix37.json,1,0,1,1,0,1,0,4,free,,,,,,
reindeer-lichen,Reindeer lichen,Reindeer lichen,,Mushroom,Mushroom,mushroom,reindeer lichen,1,,species.json; species-audit-mainfix35.json,1,1,1,0,1,1,5,5,free,,,,,,
rock-tripe-lichen,Rock tripe (lichen),Rock tripe (lichen),,Mushroom,Mushroom,mushroom,rock tripe lichen,1,,species.json; species-audit-mainfix35.json,1,1,1,0,1,1,5,5,free,,,,,,
saffron-milk-cap,Saffron milk cap,Saffron milk cap,Lactarius deliciosus,Mushroom,Mushroom,mushroom,lactarius deliciosus,1,,species-audit-mainfix35.json; species-master-additions-v1.json,0,0,0,0,1,1,3,2,free,,,,,,
scaber-stalk-boletes,Scaber Stalk Boletes,,,,Mushroom,mushroom,scaber stalk boletes,1,,species-audit-mainfix35.json; species-audit-mainfix37.json,1,0,0,0,1,1,6,3,free,,,,,,
scaber-stalk-boletes-birch-aspen-boletes,Scaber-stalk boletes / birch-aspen boletes,Scaber-stalk boletes / birch-aspen boletes,,Mushroom,Mushroom,mushroom,scaber stalk boletes birch aspen boletes,1,,species.json,1,1,1,0,0,0,0,3,free,,,,,,
shaggy-mane,Shaggy Mane,Shaggy Mane,Coprinus comatus,Mushroom,Mushroom,mushroom,coprinus comatus,1,September; October,species.json; species-additions-mainfix13.json; species-audit-mainfix35.json,1,1,1,0,1,1,3,5,free,,,,,,
shaggy-parasol,Shaggy parasol,Shaggy parasol,Chlorophyllum rhacodes,Mushroom,Mushroom,mushroom,chlorophyllum rhacodes,1,,species-audit-mainfix35.json; species-audit-mainfix37.json; species-master-additions-v1.json,0,0,0,0,1,1,3,2,free,,,,,,
shaggy-stalked-bolete,Shaggy-stalked Bolete,Shaggy-stalked Bolete,Strobilomyces strobilaceus,Mushroom,Mushroom,mushroom,strobilomyces strobilaceus,1,July; August; September,boletes-rescued-mainfix40.json; species-audit-mainfix37.json,1,0,1,1,0,1,0,4,free,,,,,,
short-stemmed-russula,Short-stemmed russula,Short-stemmed russula,,Mushroom,Mushroom,mushroom,short stemmed russula,1,,species.json; species-audit-mainfix35.json,1,1,1,0,1,1,6,5,free,,,,,,
shrimp-of-the-woods,Shrimp of the Woods,Shrimp of the Woods,Entoloma abortivum complex,Mushroom,Mushroom,mushroom,entoloma abortivum complex,1,September; October,species-additions-mainfix13.json; species-audit-mainfix35.json,1,1,1,0,1,1,5,5,free,,,,,,
shrimp-of-the-woods-aborted-entoloma,Shrimp of the woods / aborted entoloma,Shrimp of the woods / aborted entoloma,,Mushroom,Mushroom,mushroom,shrimp of the woods aborted entoloma,1,,species.json; species-audit-mainfix35.json,1,1,1,0,1,1,5,5,free,,,,,,
shrimp-russulas,Shrimp russulas,Shrimp russulas,,Mushroom,Mushroom,mushroom,shrimp russulas,1,,species.json; species-audit-mainfix35.json,1,1,1,0,1,1,6,5,free,,,,,,
slippery-jack,Slippery Jack,Slippery Jack,Suillus luteus,Mushroom,Mushroom,mushroom,suillus luteus,1,July; August; September,species.json; species-additions-mainfix13.json; species-audit-mainfix35.json,1,1,1,0,1,1,4,5,free,,,,,,
smooth-chanterelles,Smooth chanterelles,Smooth chanterelles,,Mushroom,Mushroom,mushroom,smooth chanterelles,1,,species.json; species-audit-mainfix35.json; species-audit-mainfix37.json,1,1,1,0,1,1,5,5,free,,,,,,
tinder-conk-hoof-fungus,Tinder conk / hoof fungus,Tinder conk / hoof fungus,,Mushroom,Mushroom,mushroom,tinder conk hoof fungus,1,,species.json; species-audit-mainfix35.json,1,1,1,0,1,1,4,5,free,,,,,,
turkey-tail,Turkey Tail,Turkey Tail,Trametes versicolor,Mushroom,Mushroom,mushroom,trametes versicolor,1,January; February; March; April; May; June; July; August; September; October; November; December,species.json; species-additions-mainfix13.json; species-audit-mainfix35.json,1,1,1,0,1,1,4,5,free,,,,,,
velvet-foot,Velvet foot,Velvet foot,,Mushroom,Mushroom,mushroom,velvet foot,1,,species.json; species-audit-mainfix35.json; species-audit-mainfix37.json,1,1,1,0,1,1,1,5,free,,,,,,
weeping-bolete,Weeping Bolete,,,,Mushroom,mushroom,weeping bolete,1,,species-audit-mainfix37.json,1,0,0,0,0,1,0,2,free,,,,,,
white-suillus,White Suillus,,,,Mushroom,mushroom,white suillus,1,,species-audit-mainfix37.json,1,0,0,0,0,1,0,2,free,,,,,,
witchs-butter,Witch's butter,Witch's butter,Tremella mesenterica,Mushroom,Mushroom,mushroom,tremella mesenterica,1,,species-audit-mainfix35.json; species-master-additions-v1.json,0,0,0,0,1,1,3,2,free,,,,,,
wood-ear,Wood ear,Wood ear,Auricularia americana,Mushroom,Mushroom,mushroom,auricularia americana,1,,species-audit-mainfix35.json; species-master-additions-v1.json,0,0,0,0,1,1,3,2,free,,,,,,
yellow-chanterelles-conifer-complex,Yellow Chanterelles Conifer Complex,,,,Mushroom,mushroom,yellow chanterelles conifer complex,1,,species-audit-mainfix35.json,0,0,0,0,1,1,6,2,free,,,,,,
yellow-chanterelles-hardwood-complex,Yellow Chanterelles Hardwood Complex,,,,Mushroom,mushroom,yellow chanterelles hardwood complex,1,,species-audit-mainfix35.json,0,0,0,0,1,1,6,2,free,,,,,,
yellow-chanterelles-conifer-associated-complex,Yellow chanterelles (conifer-associated complex),Yellow chanterelles (conifer-associated complex),,Mushroom,Mushroom,mushroom,yellow chanterelles conifer associated complex,1,,species.json,1,1,1,0,0,0,0,3,free,,,,,,
yellow-chanterelles-hardwood-associated-complex,Yellow chanterelles (hardwood-associated complex),Yellow chanterelles (hardwood-associated complex),,Mushroom,Mushroom,mushroom,yellow chanterelles hardwood associated complex,1,,species.json,1,1,1,0,0,0,0,3,free,,,,,,
yellow-fly-agaric-guessowii,Yellow fly agaric / guessowii,Yellow fly agaric / guessowii,,Mushroom,Mushroom,mushroom,yellow fly agaric guessowii,1,,species.json; species-audit-mainfix35.json,1,0,1,0,1,1,5,4,free,,,,,,
yellow-morels,Yellow morels,Yellow morels,,Mushroom,Mushroom,mushroom,yellow morels,1,,species.json; species-audit-mainfix35.json,1,1,1,0,1,1,4,5,free,,,,,,
yellowfoot-chanterelle,Yellowfoot chanterelle,Yellowfoot chanterelle,,Mushroom,Mushroom,mushroom,yellowfoot chanterelle,1,,species.json; species-audit-mainfix35.json,1,1,1,0,1,1,4,5,free,,,,,,
basswood-linden-flowers,Basswood (linden) flowers,Basswood (linden) flowers,,Flower,Flower,plant,basswood linden flowers,1,,species.json; species-audit-mainfix35.json,1,1,1,0,1,1,5,5,free,,,,,,
bee-balm-wild-bergamot,Bee Balm (wild bergamot),Bee Balm (wild bergamot),,Flower,Flower,plant,bee balm wild bergamot,1,,species.json; species-audit-mainfix35.json,1,1,1,0,1,1,5,5,free,,,,,,
black-locust-flowers,Black locust flowers,Black locust,Robinia pseudoacacia,Flower,Flower,plant,robinia pseudoacacia,1,,species-master-additions-v1.json,0,0,0,0,0,0,0,0,free,,,,,,
cattail-pollen,Cattail pollen,Cattail pollen,,Flower,Flower,plant,cattail pollen,1,,species.json; species-audit-mainfix35.json,1,1,1,0,1,1,5,5,free,,,,,,
chicory-flowers,Chicory flowers,Chicory flowers,,Flower,Flower,plant,chicory flowers,1,,species.json; species-audit-mainfix35.json,1,1,1,0,1,1,4,5,free,,,,,,
clover-flowers,Clover flowers,Clover flowers,,Flower,Flower,plant,clover flowers,1,,species.json; species-audit-mainfix35.json,1,1,1,0,1,1,5,5,free,,,,,,
dandelion-flowers,Dandelion flowers,Dandelion flowers,,Flower,Flower,plant,dandelion flowers,1,,species.json; species-audit-mainfix35.json,1,1,1,0,1,1,5,5,free,,,,,,
daylily-flowers,Daylily flowers,Daylily flowers,,Flower,Flower,plant,daylily flowers,1,,species.json; species-audit-mainfix35.json,1,1,1,0,1,1,5,5,free,,,,,,
elderflowers,Elderflowers,Elderflowers,,Flower,Flower,plant,elderflowers,1,,species.json; species-audit-mainfix35.json,1,1,1,0,1,1,5,5,free,,,,,,
evening-primrose,Evening primrose,Evening primrose,Oenothera biennis,Flower,Flower,plant,oenothera biennis,2,,species.json; species-audit-mainfix35.json,1,1,1,0,1,1,5,5,free,,,,,,
goldenrod-flowers,Goldenrod flowers,Goldenrod flowers,,Flower,Flower,plant,goldenrod flowers,1,,species.json; species-audit-mainfix35.json,1,1,1,0,1,1,5,5,free,,,,,,
honeysuckle-flowers,Honeysuckle flowers,Honeysuckle flowers,,Flower,Flower,plant,honeysuckle flowers,1,,species.json; species-audit-mainfix35.json,1,1,1,0,1,1,4,5,free,,,,,,
jewelweed,Jewelweed,Jewelweed,Impatiens capensis,Flower,Flower,plant,impatiens capensis,1,,species.json,1,1,1,0,0,0,0,3,free,,,,,,
marsh-marigold,Marsh marigold,Marsh marigold,Caltha palustris,Flower,Flower,plant,caltha palustris,1,May; June,species-additions-mainfix13.json; species-audit-mainfix35.json,1,1,1,0,1,1,4,5,free,,,,,,
oxeye-daisy,Oxeye daisy,Oxeye daisy,Leucanthemum vulgare,Flower,Flower,plant,leucanthemum vulgare,1,,species-audit-mainfix35.json; species-master-additions-v1.json,0,0,0,0,1,1,5,2,free,,,,,,
violet-flowers,Violet flowers,Violet flowers,,Flower,Flower,plant,violet flowers,1,,species.json; species-audit-mainfix35.json,1,1,1,0,1,1,5,5,free,,,,,,
wild-hop-cones,Wild hop cones,Wild hop cones,,Flower,Flower,plant,wild hop cones,1,,species.json; species-audit-mainfix35.json,1,1,1,0,1,1,5,5,free,,,,,,
wild-rose,Wild rose,Wild rose,Rosa spp.,Flower,Flower,plant,rosa spp,1,,species.json,1,1,1,0,0,0,0,3,free,,,,,,
yarrow,Yarrow,Yarrow,Achillea millefolium,Flower,Flower,plant,achillea millefolium,1,June; July; August; September,species.json; species-additions-mainfix13.json; species-audit-mainfix35.json,1,1,1,0,1,1,4,5,free,,,,,,
american-persimmon,American persimmon,American persimmon,,Fruit,Fruit,plant,american persimmon,1,,species.json; species-audit-mainfix35.json,1,1,1,0,1,1,6,5,free,,,,,,
barberries,Barberries,Barberries,,Fruit,Fruit,plant,barberries,1,,species.json; species-audit-mainfix35.json,1,1,1,0,1,1,5,5,free,,,,,,
bearberries,Bearberries,Bearberries,,Fruit,Fruit,plant,bearberries,1,,species.json; species-audit-mainfix35.json,1,1,1,0,1,1,5,5,free,,,,,,
black-currants,Black currants,Black currants,,Fruit,Fruit,plant,black currants,1,,species.json; species-audit-mainfix35.json,1,1,1,0,1,1,5,5,free,,,,,,
black-raspberries,Black raspberries,Black raspberries,,Fruit,Fruit,plant,black raspberries,1,,species.json; species-audit-mainfix35.json,1,1,1,0,1,1,5,5,free,,,,,,
blueberries,Blueberries,Blueberries,,Fruit,Fruit,plant,blueberries,1,,species.json; species-audit-mainfix35.json,1,1,1,0,1,1,5,5,free,,,,,,
buffaloberry,Buffaloberry,Buffaloberry,Shepherdia canadensis,Fruit,Fruit,plant,shepherdia canadensis,1,,species-audit-mainfix35.json; species-master-additions-v1.json,0,0,0,0,1,1,5,2,free,,,,,,
bunchberry,Bunchberry,Bunchberry,Cornus canadensis,Fruit,Fruit,plant,cornus canadensis,1,,species.json,1,1,1,0,0,0,0,3,free,,,,,,
chokeberry-aronia,Chokeberry (Aronia),Chokeberry (Aronia),,Fruit,Fruit,plant,chokeberry aronia,1,,species.json; species-audit-mainfix35.json,1,1,1,0,1,1,4,5,free,,,,,,
chokecherries,Chokecherries,Chokecherries,,Fruit,Fruit,plant,chokecherries,1,,species.json; species-audit-mainfix35.json,1,1,1,0,1,1,5,5,free,,,,,,
cloudberry,Cloudberry,Cloudberry,Rubus chamaemorus,Fruit,Fruit,plant,rubus chamaemorus,1,,species-audit-mainfix35.json; species-master-additions-v1.json,0,0,0,0,1,1,5,2,free,,,,,,
dewberries-very-similar-to-blackberry,Dewberries | VERY similar to blackberry,Dewberries | VERY similar to blackberry,,Fruit,Fruit,plant,dewberries very similar to blackberry,1,,species.json,1,1,1,0,0,0,0,3,free,,,,,,
elderberries,Elderberries,Elderberries,,Fruit,Fruit,plant,elderberries,1,,species.json; species-audit-mainfix35.json,1,1,1,0,1,1,5,5,free,,,,,,
fox-grapes,Fox grapes,Fox grapes,,Fruit,Fruit,plant,fox grapes,1,,species.json; species-audit-mainfix35.json,1,1,1,0,1,1,5,5,free,,,,,,
gooseberries,Gooseberries,Gooseberries,,Fruit,Fruit,plant,gooseberries,1,,species.json; species-audit-mainfix35.json,1,1,1,0,1,1,4,5,free,,,,,,
ground-cherries,Ground cherries,Ground cherries,,Fruit,Fruit,plant,ground cherries,1,,species.json; species-audit-mainfix35.json,1,1,1,0,1,1,5,5,free,,,,,,
hawthorn-berries,Hawthorn berries,Hawthorn berries,,Fruit,Fruit,plant,hawthorn berries,1,,species.json; species-audit-mainfix35.json,1,1,1,0,1,1,5,5,free,,,,,,
highbush-cranberries-viburnum,Highbush cranberries | Viburnum,Highbush cranberries | Viburnum,,Fruit,Fruit,plant,highbush cranberries viburnum,1,,species.json; species-audit-mainfix35.json,1,1,1,0,1,1,5,5,free,,,,,,
hobblebush-fruit,Hobblebush fruit,Hobblebush,Viburnum lantanoides,Fruit,Fruit,plant,viburnum lantanoides,1,,species-master-additions-v1.json,0,0,0,0,0,0,0,0,free,,,,,,
huckleberries,Huckleberries,Huckleberries,,Fruit,Fruit,plant,huckleberries,1,,species.json; species-audit-mainfix35.json,1,1,1,0,1,1,5,5,free,,,,,,
juneberries-serviceberries,Juneberries (Serviceberries),Juneberries (Serviceberries),,Fruit,Fruit,plant,juneberries serviceberries,1,,species.json; species-audit-mainfix35.json,1,1,1,0,1,1,6,5,free,,,,,,
lowbush-cranberries,Lowbush cranberries,Lowbush cranberries,,Fruit,Fruit,plant,lowbush cranberries,1,,species.json; species-audit-mainfix35.json,1,1,1,0,1,1,5,5,free,,,,,,
mountain-ash-berries,Mountain ash berries,Mountain ash,Sorbus americana,Fruit,Fruit,plant,sorbus americana,1,,species-master-additions-v1.json,0,0,0,0,0,0,0,0,free,,,,,,
mulberries,Mulberries,Mulberries,,Fruit,Fruit,plant,mulberries,1,,species.json; species-audit-mainfix35.json,1,1,1,0,1,1,4,5,free,,,,,,
nannyberry,Nannyberry,Nannyberry,Viburnum lentago,Fruit,Fruit,plant,viburnum lentago,1,,species.json; species-audit-mainfix35.json; species-master-additions-v1.json,1,1,1,0,1,1,5,5,free,,,,,,
partridgeberry,Partridgeberry,Partridgeberry,Mitchella repens,Fruit,Fruit,plant,mitchella repens,1,,species-audit-mainfix35.json; species-master-additions-v1.json,0,0,0,0,1,1,5,2,free,,,,,,
pawpaw,Pawpaw,Pawpaw,,Fruit,Fruit,plant,pawpaw,1,,species.json; species-audit-mainfix35.json,1,1,1,0,1,1,6,5,free,,,,,,
pin-cherries,Pin cherries,Pin cherries,,Fruit,Fruit,plant,pin cherries,1,,species.json; species-audit-mainfix35.json,1,1,1,0,1,1,6,5,free,,,,,,
raspberries,Raspberries,Raspberries,,Fruit,Fruit,plant,raspberries,1,,species.json; species-audit-mainfix35.json,1,1,1,0,1,1,6,5,free,,,,,,
red-currants,Red currants,Red currants,,Fruit,Fruit,plant,red currants,1,,species.json; species-audit-mainfix35.json,1,1,1,0,1,1,5,5,free,,,,,,
riverbank-grapes,Riverbank grapes,Riverbank grapes,,Fruit,Fruit,plant,riverbank grapes,1,,species.json; species-audit-mainfix35.json,1,1,1,0,1,1,5,5,free,,,,,,
rose-hips,Rose hips,Rose hips,Rosa acicularis,Fruit,Fruit,plant,rosa acicularis,1,September; October; November,species-additions-mainfix13.json; species-audit-mainfix35.json,1,1,1,0,1,1,4,5,free,,,,,,
staghorn-sumac-berries,Staghorn sumac berries,Staghorn sumac berries,,Fruit,Fruit,plant,staghorn sumac berries,1,,species.json; species-audit-mainfix35.json,1,1,1,0,1,1,5,5,free,,,,,,
sumac-drink-berries,Sumac drink berries,Staghorn sumac drink berries,Rhus typhina,Fruit,Fruit,plant,rhus typhina,1,August; September; October,species-additions-mainfix13.json; species-audit-mainfix35.json,1,1,1,0,1,1,4,5,free,,,,,,
thimbleberries,Thimbleberries,Thimbleberries,,Fruit,Fruit,plant,thimbleberries,1,,species.json; species-audit-mainfix35.json,1,1,1,0,1,1,6,5,free,,,,,,
wild-blackberries,Wild blackberries,Wild blackberries,,Fruit,Fruit,plant,wild blackberries,1,,species.json; species-audit-mainfix35.json,1,1,1,0,1,1,6,5,free,,,,,,
wild-plums,Wild plums,Wild plums,,Fruit,Fruit,plant,wild plums,1,,species.json; species-audit-mainfix35.json,1,1,1,0,1,1,6,5,free,,,,,,
wild-strawberries,Wild strawberries,Wild strawberries,,Fruit,Fruit,plant,wild strawberries,1,,species.json; species-audit-mainfix35.json,1,1,1,0,1,1,6,5,free,,,,,,
wintergreen-berries,Wintergreen berries,Wintergreen berries,,Fruit,Fruit,plant,wintergreen berries,1,,species.json; species-audit-mainfix35.json,1,1,1,0,1,1,6,5,free,,,,,,
angelica,Angelica,Angelica,Angelica atropurpurea,Green,Green,plant,angelica atropurpurea,1,,species.json,1,1,1,0,0,0,0,3,free,,,,,,
basswood-young-leaves,Basswood young leaves,Basswood young leaves,Tilia americana,Green,Green,plant,tilia americana,1,May; June,species-additions-mainfix13.json; species-audit-mainfix35.json,1,1,1,0,1,1,4,5,free,,,,,,
cattail-shoots,Cattail shoots,Cattail shoots,Typha latifolia,Green,Green,plant,typha latifolia,1,April; May; June,species.json; species-additions-mainfix13.json; species-audit-mainfix35.json,1,1,1,0,1,1,4,5,free,,,,,,
chickweed,Chickweed,Chickweed,,Green,Green,plant,chickweed,1,,species.json; species-audit-mainfix35.json,1,1,1,0,1,1,2,5,free,,,,,,
cleavers,Cleavers,Cleavers,Galium aparine,Green,Green,plant,galium aparine,1,May; June; July; August,species-additions-mainfix13.json; species-audit-mainfix35.json,1,1,1,0,1,1,4,5,free,,,,,,
common-milkweed,Common milkweed,Common milkweed,Asclepias syriaca,Green,Green,plant,asclepias syriaca,2,,species.json,1,1,1,0,0,0,0,3,free,,,,,,
cow-parsnip,Cow parsnip,Cow parsnip,Heracleum maximum,Green,Green,plant,heracleum maximum,2,,species.json,1,1,1,0,0,0,0,3,free,,,,,,
cow-parsnip-shoots,Cow parsnip shoots,Cow parsnip shoots,Heracleum maximum,Green,Green,plant,heracleum maximum,2,May; June,species-additions-mainfix13.json; species-audit-mainfix35.json,1,1,1,0,1,1,4,5,free,,,,,,
cutleaf-coneflower,Cutleaf coneflower,Cutleaf coneflower,Rudbeckia laciniata,Green,Green,plant,rudbeckia laciniata,1,,species-audit-mainfix35.json; species-master-additions-v1.json,0,0,0,0,1,1,5,2,free,,,,,,
dandelion-greens,Dandelion greens,Dandelion greens,,Green,Green,plant,dandelion greens,1,,species.json; species-audit-mainfix35.json,1,1,1,0,1,1,5,5,free,,,,,,
fiddlehead-ferns,Fiddlehead ferns,Fiddlehead ferns,,Green,Green,plant,fiddlehead ferns,1,,species.json; species-audit-mainfix35.json,1,1,1,0,1,1,5,5,free,,,,,,
fireweed,Fireweed,Fireweed,Chamerion angustifolium,Green,Green,plant,chamerion angustifolium,2,,species.json; species-audit-mainfix35.json,1,1,1,0,1,1,3,5,free,,,,,,
fireweed-shoots,Fireweed shoots,Fireweed shoots,Chamerion angustifolium,Green,Green,plant,chamerion angustifolium,2,May; June,species-additions-mainfix13.json; species-audit-mainfix35.json,1,1,1,0,1,1,4,5,free,,,,,,
garlic-mustard,Garlic mustard,Garlic mustard,,Green,Green,plant,garlic mustard,1,,species.json; species-audit-mainfix35.json,1,1,1,0,1,1,3,5,free,,,,,,
goosefoot-close-cousin-of-lamb-s-quarters,Goosefoot | close cousin of lamb's quarters,Goosefoot | close cousin of lamb's quarters,,Green,Green,plant,goosefoot close cousin of lamb s quarters,1,,species.json; species-audit-mainfix35.json,1,1,1,0,1,1,4,5,free,,,,,,
japanese-knotweed,Japanese knotweed shoots,Japanese knotweed,Reynoutria japonica,Green,Green,plant,reynoutria japonica,1,,species-audit-mainfix35.json; species-master-additions-v1.json,0,0,0,0,1,1,5,2,free,,,,,,
labrador-tea,Labrador tea,Labrador tea,Rhododendron groenlandicum,Green,Green,plant,rhododendron groenlandicum,1,,species.json; species-audit-mainfix35.json; species-master-additions-v1.json,1,1,1,0,1,1,5,5,free,,,,,,
lamb-s-quarters,Lamb's quarters,Lamb's quarters,,Green,Green,plant,lamb s quarters,1,,species.json; species-audit-mainfix35.json,1,1,1,0,1,1,5,5,free,,,,,,
mallow,Mallow,Mallow,Malva neglecta,Green,Green,plant,malva neglecta,1,,species-audit-mainfix35.json; species-master-additions-v1.json,0,0,0,0,1,1,5,2,free,,,,,,
milkweed-shoots,Milkweed shoots,Milkweed shoots,Asclepias syriaca,Green,Green,plant,asclepias syriaca,2,May; June,species-additions-mainfix13.json; species-audit-mainfix35.json,1,1,1,0,1,1,3,5,free,,,,,,
miner-s-lettuce-winter-purslane,Miner's lettuce | Winter Purslane,Miner's lettuce | Winter Purslane,,Green,Green,plant,miner s lettuce winter purslane,1,,species.json; species-audit-mainfix35.json,1,1,1,0,1,1,4,5,free,,,,,,
nettles,Nettles,Nettles,,Green,Green,plant,nettles,1,,species.json; species-audit-mainfix35.json,1,1,1,0,1,1,4,5,free,,,,,,
nodding-onion,Nodding onion,Nodding onion,Allium cernuum,Green,Green,plant,allium cernuum,1,,species-audit-mainfix35.json; species-master-additions-v1.json,0,0,0,0,1,1,5,2,free,,,,,,
ostrich-fern-fiddleheads,Ostrich fern fiddleheads,Ostrich fern fiddleheads,Matteuccia struthiopteris,Green,Green,plant,matteuccia struthiopteris,1,May; June,species-additions-mainfix13.json; species-audit-mainfix35.json,1,1,1,0,1,1,3,5,free,,,,,,
plantain-broadleaf,Plantain (broadleaf),Plantain (broadleaf),,Green,Green,plant,plantain broadleaf,1,,species.json; species-audit-mainfix35.json,1,1,1,0,1,1,5,5,free,,,,,,
purslane,Purslane,Purslane,,Green,Green,plant,purslane,1,,species.json; species-audit-mainfix35.json,1,1,1,0,1,1,3,5,free,,,,,,
red-sorrel,Red Sorrel,Red Sorrel,,Green,Green,plant,red sorrel,1,,species.json; species-audit-mainfix35.json,1,1,1,0,1,1,5,5,free,,,,,,
red-clover-leaves,Red clover leaves,Red clover,Trifolium pratense,Green,Green,plant,trifolium pratense,1,,species-master-additions-v1.json,0,0,0,0,0,0,0,0,free,,,,,,
sweet-fern,Sweet fern,Sweet fern,Comptonia peregrina,Green,Green,plant,comptonia peregrina,2,,species-audit-mainfix35.json; species-master-additions-v1.json,0,0,0,0,1,1,5,2,free,,,,,,
sweetfern,Sweetfern,Sweetfern,Comptonia peregrina,Green,Green,plant,comptonia peregrina,2,,species.json,1,1,1,0,0,0,0,3,free,,,,,,
toothwort,Toothwort,Toothwort,Cardamine concatenata group,Green,Green,plant,cardamine concatenata group,1,,species.json,1,1,1,0,0,0,0,3,free,,,,,,
violet-leaves,Violet leaves,Violet leaves,,Green,Green,plant,violet leaves,1,,species.json; species-audit-mainfix35.json,1,1,1,0,1,1,5,5,free,,,,,,
wild-bergamot-leaves,Wild bergamot leaves,Wild bergamot leaves,Monarda fistulosa,Green,Green,plant,monarda fistulosa,1,June; July; August,species-additions-mainfix13.json; species-audit-mainfix35.json,1,1,1,0,1,1,4,5,free,,,,,,
wild-garlic,Wild garlic,Wild garlic,Allium vineale,Green,Green,plant,allium vineale,1,,species-audit-mainfix35.json; species-master-additions-v1.json,0,0,0,0,1,1,5,2,free,,,,,,
wild-mint,Wild mint,Wild mint,Mentha arvensis,Green,Green,plant,mentha arvensis,1,June; July; August; September,species-additions-mainfix13.json; species-audit-mainfix35.json,1,1,1,0,1,1,4,5,free,,,,,,
wild-mustard-greens,Wild mustard greens,Wild mustard greens,,Green,Green,plant,wild mustard greens,1,,species.json; species-audit-mainfix35.json,1,1,1,0,1,1,5,5,free,,,,,,
wintercress,Wintercress,Wintercress,Barbarea vulgaris,Green,Green,plant,barbarea vulgaris,1,April; May; June,species-additions-mainfix13.json; species-audit-mainfix35.json,1,1,1,0,1,1,4,5,free,,,,,,
wood-sorrel-yellow-woodsorrel,Wood Sorrel | Yellow Woodsorrel,Wood Sorrel | Yellow Woodsorrel,,Green,Green,plant,wood sorrel yellow woodsorrel,1,,species.json; species-audit-mainfix35.json,1,1,1,0,1,1,5,5,free,,,,,,
wood-sorrel,Wood sorrel,Wood sorrel,,Green / Tubers,Green / Tubers,plant,wood sorrel,1,,species.json; species-audit-mainfix35.json,1,1,1,0,1,1,2,5,free,,,,,,
american-ginseng,American Ginseng,,,,Plant (unspecified part/type),plant,american ginseng,1,,species-audit-mainfix35.json,0,0,0,0,1,1,5,2,free,,,,,,
american-hazelnut,American Hazelnut,,,,Plant (unspecified part/type),plant,american hazelnut,1,,species-audit-mainfix35.json,0,0,0,0,1,1,3,2,free,,,,,,
arrowhead,Arrowhead,,,,Plant (unspecified part/type),plant,arrowhead,1,,species-audit-mainfix35.json,0,0,0,0,1,1,5,2,free,,,,,,
basswood,Basswood,,,,Plant (unspecified part/type),plant,basswood,1,,species-audit-mainfix35.json,0,0,0,0,1,1,3,2,free,,,,,,
beaked-hazelnut,Beaked Hazelnut,,,,Plant (unspecified part/type),plant,beaked hazelnut,1,,species-audit-mainfix35.json,0,0,0,0,1,1,3,2,free,,,,,,
bearberry,Bearberry,,,,Plant (unspecified part/type),plant,bearberry,1,,species-audit-mainfix35.json,0,0,0,0,1,1,3,2,free,,,,,,
beechnut,Beechnut,,,,Plant (unspecified part/type),plant,beechnut,1,,species-audit-mainfix35.json,0,0,0,0,1,1,3,2,free,,,,,,
black-locust,Black Locust,,,,Plant (unspecified part/type),plant,black locust,1,,species-audit-mainfix35.json,0,0,0,0,1,1,5,2,free,,,,,,
burdock,Burdock,,,,Plant (unspecified part/type),plant,burdock,1,,species-audit-mainfix35.json,0,0,0,0,1,1,3,2,free,,,,,,
cattail,Cattail,,,,Plant (unspecified part/type),plant,cattail,1,,species-audit-mainfix35.json,0,0,0,0,1,1,3,2,free,,,,,,
crabapples,Crabapples,,,,Plant (unspecified part/type),plant,crabapples,1,,species-audit-mainfix35.json,0,0,0,0,1,1,5,2,free,,,,,,
daylily,Daylily,,,,Plant (unspecified part/type),plant,daylily,1,,species-audit-mainfix35.json,0,0,0,0,1,1,3,2,free,,,,,,
dewberries-very-similiar-to-blackberry,Dewberries Very Similiar To Blackberry,,,,Plant (unspecified part/type),plant,dewberries very similiar to blackberry,1,,species-audit-mainfix35.json,0,0,0,0,1,1,5,2,free,,,,,,
dryad-saddle-pheasant-back,Dryad Saddle Pheasant Back,,,,Plant (unspecified part/type),plant,dryad saddle pheasant back,1,,species-audit-mainfix35.json,0,0,0,0,1,1,4,2,free,,,,,,
groundnut,Groundnut,,,,Plant (unspecified part/type),plant,groundnut,1,,species-audit-mainfix35.json,0,0,0,0,1,1,3,2,free,,,,,,
highbush-cranberry,Highbush Cranberry,,,,Plant (unspecified part/type),plant,highbush cranberry,1,,species-audit-mainfix35.json,0,0,0,0,1,1,3,2,free,,,,,,
hobblebush,Hobblebush,,,,Plant (unspecified part/type),plant,hobblebush,1,,species-audit-mainfix35.json,0,0,0,0,1,1,5,2,free,,,,,,
lambs-quarters,Lambs Quarters,,,,Plant (unspecified part/type),plant,lambs quarters,1,,species-audit-mainfix35.json,0,0,0,0,1,1,3,2,free,,,,,,
lingonberry,Lingonberry,,,,Plant (unspecified part/type),plant,lingonberry,1,,species-audit-mainfix35.json,0,0,0,0,1,1,3,2,free,,,,,,
miners-lettuce-winter-purslane,Miners Lettuce Winter Purslane,,,,Plant (unspecified part/type),plant,miners lettuce winter purslane,1,,species-audit-mainfix35.json,0,0,0,0,1,1,5,2,free,,,,,,
mountain-ash,Mountain Ash,,,,Plant (unspecified part/type),plant,mountain ash,1,,species-audit-mainfix35.json,0,0,0,0,1,1,5,2,free,,,,,,
pickerelweed,Pickerelweed,,,,Plant (unspecified part/type),plant,pickerelweed,1,,species-audit-mainfix35.json,0,0,0,0,1,1,5,2,free,,,,,,
pokeweed-shoots,Pokeweed Shoots,,,,Plant (unspecified part/type),plant,pokeweed shoots,1,,species-audit-mainfix35.json,0,0,0,0,1,1,6,2,free,,,,,,
red-clover,Red Clover,,,,Plant (unspecified part/type),plant,red clover,1,,species-audit-mainfix35.json,0,0,0,0,1,1,5,2,free,,,,,,
sand-cherry,Sand Cherry,,,,Plant (unspecified part/type),plant,sand cherry,1,,species-audit-mainfix35.json,0,0,0,0,1,1,3,2,free,,,,,,
serviceberry,Serviceberry,,,,Plant (unspecified part/type),plant,serviceberry,1,,species-audit-mainfix35.json,0,0,0,0,1,1,3,2,free,,,,,,
sheep-sorrel,Sheep Sorrel,,,,Plant (unspecified part/type),plant,sheep sorrel,1,,species-audit-mainfix35.json,0,0,0,0,1,1,3,2,free,,,,,,
short-stemmed-slippery-jack,Short Stemmed Slippery Jack,,,,Plant (unspecified part/type),plant,short stemmed slippery jack,1,,species-audit-mainfix37.json,1,0,0,0,0,1,0,2,free,,,,,,
spring-beauty,Spring Beauty,,,,Plant (unspecified part/type),plant,spring beauty,1,,species-audit-mainfix35.json,0,0,0,0,1,1,5,2,free,,,,,,
stinging-nettle,Stinging Nettle,,,,Plant (unspecified part/type),plant,stinging nettle,1,,species-additions-mainfix13.json; species-audit-mainfix35.json,0,0,0,0,1,1,4,2,free,,,,,,
sumac,Sumac,,,,Plant (unspecified part/type),plant,sumac,1,,species-audit-mainfix35.json,0,0,0,0,1,1,3,2,free,,,,,,
violets,Violets,,,,Plant (unspecified part/type),plant,violets,1,,species-audit-mainfix35.json,0,0,0,0,1,1,3,2,free,,,,,,
water-lily,Water Lily,,,,Plant (unspecified part/type),plant,water lily,1,,species-audit-mainfix35.json,0,0,0,0,1,1,5,2,free,,,,,,
wintergreen,Wintergreen,,,,Plant (unspecified part/type),plant,wintergreen,1,,species-audit-mainfix35.json,0,0,0,0,1,1,3,2,free,,,,,,
arrowhead-tubers,Arrowhead tubers,Duck potato,Sagittaria latifolia,Root,Root,plant,sagittaria latifolia,1,,species-master-additions-v1.json,0,0,0,0,0,0,0,0,free,,,,,,
burdock-root,Burdock root,Burdock root,,Root,Root,plant,burdock root,1,,species.json; species-audit-mainfix35.json,1,1,1,0,1,1,5,5,free,,,,,,
cattail-rhizomes,Cattail rhizomes,Cattail rhizomes,,Root,Root,plant,cattail rhizomes,1,,species.json; species-audit-mainfix35.json,1,1,1,0,1,1,5,5,free,,,,,,
chicory-root,Chicory root,Chicory root,,Root,Root,plant,chicory root,1,,species.json; species-audit-mainfix35.json,1,1,1,0,1,1,5,5,free,,,,,,
evening-primrose-root,Evening primrose root,Evening primrose,Oenothera biennis,Root,Root,plant,oenothera biennis,2,,species-master-additions-v1.json,0,0,0,0,0,0,0,0,free,,,,,,
groundnut-tubers,Groundnut tubers,Groundnut tubers,,Root,Root,plant,groundnut tubers,1,,species.json; species-audit-mainfix35.json,1,1,1,0,1,1,5,5,free,,,,,,
jerusalem-artichoke,Jerusalem artichoke,Jerusalem artichoke,,Root,Root,plant,jerusalem artichoke,1,,species.json; species-audit-mainfix35.json,1,1,1,0,1,1,3,5,free,,,,,,
ramps-wild-onion,Ramps (Wild onion),Ramps (Wild onion),,Root,Root,plant,ramps wild onion,1,,species.json; species-audit-mainfix35.json,1,1,1,0,1,1,5,5,free,,,,,,
spring-beauty-corms,Spring beauty corms,Spring beauty,Claytonia virginica,Root,Root,plant,claytonia virginica,1,,species-master-additions-v1.json,0,0,0,0,0,0,0,0,free,,,,,,
sweet-cicely,Sweet cicely,Sweet cicely,,Root,Root,plant,sweet cicely,1,,species.json; species-audit-mainfix35.json,1,1,1,0,1,1,1,5,free,,,,,,
sweet-flag,Sweet flag,Sweet flag,Acorus americanus,Root,Root,plant,acorus americanus,1,,species.json,1,1,1,0,0,0,0,3,free,,,,,,
wild-leek-ramp,Wild Leek (Ramp),Wild Leek (Ramp),,Root,Root,plant,wild leek ramp,1,,species.json; species-audit-mainfix35.json,1,1,1,0,1,1,5,5,free,,,,,,
wild-carrot,Wild carrot,Wild carrot,,Root,Root,plant,wild carrot,1,,species.json; species-audit-mainfix35.json,1,1,1,0,1,1,2,5,free,,,,,,
wild-ginger,Wild ginger,Wild ginger,,Root,Root,plant,wild ginger,1,,species.json; species-audit-mainfix35.json,1,1,1,0,1,1,5,5,free,,,,,,
yellow-pond-lily-bulbs,Yellow pond lily bulbs,Yellow pond lily bulbs,,Root,Root,plant,yellow pond lily bulbs,1,,species.json; species-audit-mainfix35.json,1,1,1,0,1,1,5,5,free,,,,,,
pickerelweed-seeds,Pickerelweed seeds,Pickerelweed,Pontederia cordata,Seed,Seed,plant,pontederia cordata,1,,species-master-additions-v1.json,0,0,0,0,0,0,0,0,free,,,,,,
water-lily-seeds,Water lily seeds,Water lily,Nymphaea odorata,Seed,Seed,plant,nymphaea odorata,1,,species-master-additions-v1.json,0,0,0,0,0,0,0,0,free,,,,,,
wild-rice,Wild rice,Wild rice,Zizania palustris,Seed,Seed,plant,zizania palustris,1,,species-audit-mainfix35.json; species-master-additions-v1.json,0,0,0,0,1,1,5,2,free,,,,,,
acorns-leached,Acorns (leached),Acorns (leached),,Tree Product,Tree Product,plant,acorns leached,1,,species.json; species-audit-mainfix35.json,1,1,1,0,1,1,5,5,free,,,,,,
beech-nuts,Beech nuts,Beech nuts,,Tree Product,Tree Product,plant,beech nuts,1,,species.json; species-audit-mainfix35.json,1,1,1,0,1,1,5,5,free,,,,,,
birch-sap,Birch sap,Birch sap,,Tree Product,Tree Product,plant,birch sap,1,,species.json; species-audit-mainfix35.json,1,1,1,0,1,1,5,5,free,,,,,,
hazelnuts,Hazelnuts,Hazelnuts,,Tree Product,Tree Product,plant,hazelnuts,1,,species.json; species-audit-mainfix35.json,1,1,1,0,1,1,5,5,free,,,,,,
hemlock-tips,Hemlock tips,Hemlock tips,,Tree Product,Tree Product,plant,hemlock tips,1,,species.json; species-audit-mainfix35.json,1,1,1,0,1,1,5,5,free,,,,,,
juniper,Juniper,Juniper,Juniperus communis / Juniperus virginiana,Tree Product,Tree Product,plant,juniperus communis juniperus virginiana,1,,species.json; species-audit-mainfix35.json,1,1,1,0,1,1,5,5,free,,,,,,
juniper-berries,Juniper berries,Juniper berries,Juniperus communis,Tree Product,Tree Product,plant,juniperus communis,1,,species-master-additions-v1.json,0,0,0,0,0,0,0,0,free,,,,,,
maple-sap,Maple sap,Maple sap,,Tree Product,Tree Product,plant,maple sap,1,,species.json; species-audit-mainfix35.json,1,1,1,0,1,1,5,5,free,,,,,,
pine-needles-tea,Pine needles (tea),Pine needles (tea),,Tree Product,Tree Product,plant,pine needles tea,1,,species.json; species-audit-mainfix35.json,1,1,1,0,1,1,5,5,free,,,,,,
pine-nuts,Pine nuts,Pine nuts,,Tree Product,Tree Product,plant,pine nuts,1,,species.json; species-audit-mainfix35.json,1,1,1,0,1,1,6,5,free,,,,,,
pine-resin-gum,Pine resin (gum),Pine resin (gum),,Tree Product,Tree Product,plant,pine resin gum,1,,species.json; species-audit-mainfix35.json,1,1,1,0,1,1,5,5,free,,,,,,
sassafras-root-bark,Sassafras root bark,Sassafras root bark,,Tree Product,Tree Product,plant,sassafras root bark,1,,species.json; species-audit-mainfix35.json,1,1,1,0,1,1,4,5,free,,,,,,
spruce-gum,Spruce gum,Spruce gum,,Tree Product,Tree Product,plant,spruce gum,1,,species.json; species-audit-mainfix35.json,1,1,1,0,1,1,5,5,free,,,,,,
spruce-tips,Spruce tips,Spruce tips,,Tree Product,Tree Product,plant,spruce tips,1,,species.json; species-audit-mainfix35.json,1,1,1,0,1,1,5,5,free,,,,,,
stinging-nettle-seeds,Stinging nettle seeds,Stinging nettle seeds,Urtica dioica,Tree Product,Tree Product,plant,urtica dioica,1,August; September,species-additions-mainfix13.json; species-audit-mainfix35.json,1,1,1,0,1,1,4,5,free,,,,,,
willow,Willow,Willow,Salix spp.,Tree Product,Tree Product,plant,salix spp,1,,species.json,1,1,1,0,0,0,0,3,free,,,,,,
